{
    "$schema": "https://schema.management.azure.com/schemas/2015-01-01/deploymentParameters.json#",
    "contentVersion": "1.0.0.0",
    "parameters": {
        "location": {
            "value": "eastus"
        },
        "networkInterfaceName": {
            "value": "vmcl01163"
        },
        "networkSecurityGroupName": {
            "value": "vmcl01-nsg"
        },
        "networkSecurityGroupRules": {
            "value": [
                {
                    "name": "SSH",
                    "properties": {
                        "priority": 300,
                        "protocol": "TCP",
                        "access": "Allow",
                        "direction": "Inbound",
                        "sourceAddressPrefix": "*",
                        "sourcePortRange": "*",
                        "destinationAddressPrefix": "*",
                        "destinationPortRange": "22"
                    }
                },
                {
                    "name": "HTTP",
                    "properties": {
                        "priority": 320,
                        "protocol": "TCP",
                        "access": "Allow",
                        "direction": "Inbound",
                        "sourceAddressPrefix": "*",
                        "sourcePortRange": "*",
                        "destinationAddressPrefix": "*",
                        "destinationPortRange": "80"
                    }
                }
            ]
        },
        "subnetName": {
            "value": "websn01"
        },
        "virtualNetworkId": {
            "value": "/subscriptions/a4c556a0-dc49-44f1-8e74-789c86ac8cba/resourceGroups/AshishRG/providers/Microsoft.Network/virtualNetworks/vnet01"
        },
        "publicIpAddressName": {
            "value": "vmcl01-ip"
        },
        "publicIpAddressType": {
            "value": "Dynamic"
        },
        "publicIpAddressSku": {
            "value": "Basic"
        },
        "virtualMachineName": {
            "value": "vmcl01"
        },
        "virtualMachineRG": {
            "value": "AshishRG"
        },
        "osDiskType": {
            "value": "Premium_LRS"
        },
        "virtualMachineSize": {
            "value": "Standard_B1ms"
        },
        "adminUsername": {
            "value": "nadmin"
        },
        "adminPassword": {
            "value": null
        },
        "availabilitySetName": {
            "value": "ManuAS"
        }
    }
}